company,year,detail_url,pdf_url
ATTIJARIWAFA BANK,2019,https://www.ammc.ma/fr/espace-emetteurs/etats-financiers/attijariwafa-bank-rfa-2019,https://www.ammc.ma/sites/default/files/AWB_RFA_2019_0.pdf
ATTIJARIWAFA BANK,2020,https://www.ammc.ma/fr/espace-emetteurs/etats-financiers/attijariwafa-bank-rfa-2020,https://www.ammc.ma/sites/default/files/ATW_RFA_2020_0.pdf
ATTIJARIWAFA BANK,2021,https://www.ammc.ma/fr/espace-emetteurs/etats-financiers/attijariwafa-bank-rfa-2021,https://www.ammc.ma/sites/default/files/AWB_RFA_2021_def.pdf
ATTIJARIWAFA BANK,2022,https://www.ammc.ma/fr/espace-emetteurs/etats-financiers/attijariwafa-bank-rfa-2022,https://www.ammc.ma/sites/default/files/AWB_RFA_2022_0.pdf
ATTIJARIWAFA BANK,2023,https://www.ammc.ma/fr/espace-emetteurs/etats-financiers/attijariwafa-bank-rfa-2023,https://www.ammc.ma/sites/default/files/AWB_RFA_2023.pdf
ATTIJARIWAFA BANK,2024,https://www.ammc.ma/fr/espace-emetteurs/etats-financiers/attijariwafa-bank-rfa-2024,https://www.ammc.ma/sites/default/files/AWB_RFA_2024_1.pdf
ATTIJARIWAFA BANK,2025,https://www.ammc.ma/fr/espace-emetteurs/etats-financiers/attijariwafa-bank-rfa-2025,https://www.ammc.ma/sites/default/files/AWB_RFA_2025.pdf
Banque Centrale Populaire (BCP),2020,https://www.ammc.ma/fr/espace-emetteurs/etats-financiers/bcp-rfa-2020,https://www.ammc.ma/sites/default/files/BCP_RFA_2020.pdf
Banque Centrale Populaire (BCP),2021,https://www.ammc.ma/fr/espace-emetteurs/etats-financiers/bcp-rfa-2021,https://www.ammc.ma/sites/default/files/BCP_RFA_2021.pdf
Banque Centrale Populaire (BCP),2022,https://www.ammc.ma/fr/espace-emetteurs/etats-financiers/bcp-rfa-2022,https://www.ammc.ma/sites/default/files/BCP%20RFA%202022.pdf
Banque Centrale Populaire (BCP),2023,https://www.ammc.ma/fr/espace-emetteurs/etats-financiers/bcp-rfa-2023,https://www.ammc.ma/sites/default/files/BCP_RFA_2023_1.pdf
Banque Centrale Populaire (BCP),2024,https://www.ammc.ma/fr/espace-emetteurs/etats-financiers/bcp-rfa-2024,https://www.ammc.ma/sites/default/files/BCP_RFA_2024.pdf
Banque Centrale Populaire (BCP),2025,https://www.ammc.ma/fr/espace-emetteurs/etats-financiers/bcp-rfa-2025,https://www.ammc.ma/sites/default/files/BCP_RFA_2025_compressed.pdf
CIH Bank,2019,https://www.ammc.ma/fr/espace-emetteurs/etats-financiers/cih-bank-rfa-2019,https://www.ammc.ma/sites/default/files/CIH_Bank_RFA_2019.pdf
CIH Bank,2020,https://www.ammc.ma/fr/espace-emetteurs/etats-financiers/cih-bank-rfa-2020,https://www.ammc.ma/sites/default/files/CIH_RFA_2020_0.pdf
CIH Bank,2021,https://www.ammc.ma/fr/espace-emetteurs/etats-financiers/cih-bank-rfa-2021,https://www.ammc.ma/sites/default/files/CIH_RFA_2021_0.pdf
CIH Bank,2022,https://www.ammc.ma/fr/espace-emetteurs/etats-financiers/cih-bank-rfa-2022,https://www.ammc.ma/sites/default/files/CIH_Bank_RFA_2022.pdf
CIH Bank,2023,https://www.ammc.ma/fr/espace-emetteurs/etats-financiers/cih-bank-rfa-2023,https://www.ammc.ma/sites/default/files/CIH_Bank_RFA_2023_0.pdf
CIH Bank,2025,https://www.ammc.ma/fr/espace-emetteurs/etats-financiers/cih-bank-rfa-2025,https://www.ammc.ma/sites/default/files/CIH_Bank_RFA_2025.pdf
Crédit du Maroc (CDM),2025,https://www.ammc.ma/fr/espace-emetteurs/etats-financiers/credit-du-maroc-rfa-2025,https://www.ammc.ma/sites/default/files/CDM_RFA_2025.pdf
Bank of Africa - Groupe BMCE (BOA),2021,https://www.ammc.ma/fr/espace-emetteurs/etats-financiers/bank-africa-rfa-2021,https://www.ammc.ma/sites/default/files/BOA_RFA_2021.pdf
Bank of Africa - Groupe BMCE (BOA),2024,https://www.ammc.ma/fr/espace-emetteurs/etats-financiers/bank-africa-rfa-2024,https://www.ammc.ma/sites/default/files/BOA_RFA_2024.pdf
Bank of Africa - Groupe BMCE (BOA),2025,https://www.ammc.ma/fr/espace-emetteurs/etats-financiers/bank-africa-rfa-2025,https://www.ammc.ma/sites/default/files/BOA_RFA_2025_0.pdf
BMCI,2020,https://www.ammc.ma/fr/espace-emetteurs/etats-financiers/bmci-rfa-2020,https://www.ammc.ma/sites/default/files/BMCI_RFA_2020.pdf
BMCI,2021,https://www.ammc.ma/fr/espace-emetteurs/etats-financiers/bmci-rfa-2021,https://www.ammc.ma/sites/default/files/BMCI_RFA_2021.pdf
BMCI,2022,https://www.ammc.ma/fr/espace-emetteurs/etats-financiers/bmci-rfa-2022,https://www.ammc.ma/sites/default/files/Rapport-Financier-annuel-BMCI-2022.pdf
BMCI,2023,https://www.ammc.ma/fr/espace-emetteurs/etats-financiers/bmci-rfa-2023,https://www.ammc.ma/sites/default/files/BMCI_RFA_2023.pdf
BMCI,2024,https://www.ammc.ma/fr/espace-emetteurs/etats-financiers/bmci-rfa-2024,https://www.ammc.ma/sites/default/files/BMCI_RFA_2024.pdf
BMCI,2025,https://www.ammc.ma/fr/espace-emetteurs/etats-financiers/bmci-rfa-2025,https://www.ammc.ma/sites/default/files/BMCI_RFA_2025.pdf
CDG capital,2019,https://www.ammc.ma/fr/espace-emetteurs/etats-financiers/cdg-capital-rfa-2019,https://www.ammc.ma/sites/default/files/CDG_capital_RFA_2019.pdf
CDG capital,2020,https://www.ammc.ma/fr/espace-emetteurs/etats-financiers/cdg-capital-rfa-2020,https://www.ammc.ma/sites/default/files/CDG%20Capital-%20RFA%202020.pdf
CDG capital,2021,https://www.ammc.ma/fr/espace-emetteurs/etats-financiers/cdg-capital-rfa-2021,https://www.ammc.ma/sites/default/files/CDG_Capital_RFA_2021.pdf
CDG capital,2022,https://www.ammc.ma/fr/espace-emetteurs/etats-financiers/cdg-capital-rfa-2022,https://www.ammc.ma/sites/default/files/CDG%20K%20RFA%202022.pdf
CDG capital,2023,https://www.ammc.ma/fr/espace-emetteurs/etats-financiers/cdg-capital-rfa-2023,https://www.ammc.ma/sites/default/files/CDG_Capital_RFA_2023_0.pdf
CDG capital,2024,https://www.ammc.ma/fr/espace-emetteurs/etats-financiers/cdg-capital-rfa-2024,https://www.ammc.ma/sites/default/files/CDG_Capital_RFA_2024.pdf
CDG capital,2025,https://www.ammc.ma/fr/espace-emetteurs/etats-financiers/cdg-capital-rfa-2025,https://www.ammc.ma/sites/default/files/CDG_Capital_RFA_2025_.pdf
Crédit du Maroc (CDM),2024,https://www.ammc.ma/fr/espace-emetteurs/etats-financiers/cdm-rfa-2024,https://www.ammc.ma/sites/default/files/CDM_RFA_2024_0.pdf
CIH Bank,2024,https://www.ammc.ma/fr/espace-emetteurs/etats-financiers/cih-rfa-2024,https://www.ammc.ma/sites/default/files/CIH_RFA_2024.pdf
Crédit du Maroc (CDM),2023,https://www.ammc.ma/fr/espace-emetteurs/etats-financiers/cdm-rfa-2023,https://www.ammc.ma/sites/default/files/CDM_RFA_2023.pdf
Bank of Africa - Groupe BMCE (BOA),2023,https://www.ammc.ma/fr/espace-emetteurs/etats-financiers/boa-rfa-2023,https://www.ammc.ma/sites/default/files/BOA_RFA_2023.pdf
Crédit du Maroc (CDM),2022,https://www.ammc.ma/fr/espace-emetteurs/etats-financiers/cdm-rfa-2022,https://www.ammc.ma/sites/default/files/CDM_RFA_2022.pdf
Bank of Africa - Groupe BMCE (BOA),2022,https://www.ammc.ma/fr/espace-emetteurs/etats-financiers/boa-rfa-2022,https://www.ammc.ma/sites/default/files/BOA%20RFA%202022.pdf
